{"Epoch": 5, "Train Loss": 1.4928604903851381, "Train Accuracy": 0.19829309834123224, "Val Loss": 1.4975909225614046, "Val Accuracy": 0.20290336879432624, "_runtime": 86, "_timestamp": 1615565684, "_step": 4}