{"Epoch": 5, "Train Loss": 0.3738051295682034, "Train Accuracy": 0.863540432464455, "Val Loss": 0.3892089778144142, "Val Accuracy": 0.8638630319148937, "_runtime": 9, "_timestamp": 1615479042, "_step": 4}