{"Epoch": 10, "Train Loss": 0.2687632074368937, "Train Accuracy": 0.8988262736966824, "Val Loss": 0.36750344264617707, "Val Accuracy": 0.8711768617021277, "_runtime": 88, "_timestamp": 1615563671, "_step": 9}