{"Epoch": 10, "Train Loss": 0.324055838378318, "Train Accuracy": 0.8822324249605055, "Val Loss": 0.3873335418816201, "Val Accuracy": 0.8629765070921986, "_runtime": 49, "_timestamp": 1615560633, "_step": 9}