{"Epoch": 5, "Train Loss": NaN, "Train Accuracy": 0.09976673578199052, "Val Loss": NaN, "Val Accuracy": 0.10172872340425532, "_runtime": 16, "_timestamp": 1615554198, "_step": 4}