{"Epoch": 5, "Train Loss": 0.41487349404243595, "Train Accuracy": 0.8536914988151659, "Val Loss": 0.4651516157424728, "Val Accuracy": 0.8485704787234043, "_runtime": 12, "_timestamp": 1615554390, "_step": 4}