{"Epoch": 10, "Train Loss": 0.32294941715524306, "Train Accuracy": 0.8797948755924171, "Val Loss": 0.3617516626532724, "Val Accuracy": 0.8698470744680851, "_runtime": 15, "_timestamp": 1615478978, "_step": 9}