{"Epoch": 10, "Train Loss": 0.3040547942663953, "Train Accuracy": 0.8879259259259259, "Val Loss": 0.3849321827834912, "Val Accuracy": 0.8615, "_runtime": 134, "_timestamp": 1615562441, "_step": 9}