{"Epoch": 5, "Train Loss": 0.3426425518031758, "Train Accuracy": 0.8745556872037915, "Val Loss": 0.3890425248377455, "Val Accuracy": 0.8612034574468085, "_runtime": 31, "_timestamp": 1615555220, "_step": 4}