{"Epoch": 5, "Train Loss": 0.3330935352773209, "Train Accuracy": 0.8783138329383886, "Val Loss": 0.3407697373435871, "Val Accuracy": 0.8741688829787234, "_runtime": 14, "_timestamp": 1615554217, "_step": 4}