{"Epoch": 5, "Train Loss": 0.31290203634596603, "Train Accuracy": 0.8855709419431279, "Val Loss": 0.3738310744387602, "Val Accuracy": 0.8677969858156029, "_runtime": 17, "_timestamp": 1615565144, "_step": 4}