{"Epoch": 6, "Train Loss": 0.35616830575519665, "Train Accuracy": 0.8682797689573459, "Val Loss": 0.40212129287859083, "Val Accuracy": 0.8523936170212766, "_runtime": 12, "_timestamp": 1615478181, "_step": 5}