{"epoch": 5, "train_loss": 0.3663160192416106, "train_acc": 0.86666913507109, "val_loss": 0.36272922117578127, "val_acc": 0.8726728723404256, "_runtime": 14, "_timestamp": 1615404800, "_step": 4}