{"Epoch": 10, "Train Loss": 0.30722338771421864, "Train Accuracy": 0.8860740740740741, "Val Loss": 0.3931377314678673, "Val Accuracy": 0.8638333333333333, "_runtime": 134, "_timestamp": 1615562887, "_step": 9}