{"Epoch": 5, "Train Loss": 0.35737931082671076, "Train Accuracy": 0.8707420023696683, "Val Loss": 0.3927430373260198, "Val Accuracy": 0.8633643617021277, "_runtime": 29, "_timestamp": 1615555185, "_step": 4}