{"Epoch": 5, "Train Loss": 0.3119619798844048, "Train Accuracy": 0.8853734695892576, "Val Loss": 0.3825512038064686, "Val Accuracy": 0.8614250886524822, "_runtime": 15, "_timestamp": 1615565099, "_step": 4}