{"Epoch": 10, "Train Loss": 2.308547081930162, "Train Accuracy": 0.09967417061611375, "Val Loss": 2.3060080887516694, "Val Accuracy": 0.10006648936170212, "_runtime": 80, "_timestamp": 1615561717, "_step": 9}