{"Epoch": 10, "Train Loss": 0.31552962241673765, "Train Accuracy": 0.8840370370370371, "Val Loss": 0.3405269467642119, "Val Accuracy": 0.8806666666666667, "_runtime": 152, "_timestamp": 1615563043, "_step": 9}