{"Epoch": 7, "Train Loss": 0.3462286765543656, "Train Accuracy": 0.8719823755924171, "Val Loss": 0.39576662971703813, "Val Accuracy": 0.8492353723404256, "_runtime": 11, "_timestamp": 1615478231, "_step": 6}