{"Epoch": 9, "Train Loss": 0.3174061960747129, "Train Accuracy": 0.8822015699052133, "Val Loss": 0.3899153081350778, "Val Accuracy": 0.8590425531914894, "_runtime": 19, "_timestamp": 1615478163, "_step": 8}