{"Epoch": 5, "Train Loss": 0.3518032175509401, "Train Accuracy": 0.873019105450237, "Val Loss": 0.4063555587410938, "Val Accuracy": 0.8452460106382979, "_runtime": 14, "_timestamp": 1615554509, "_step": 4}