{"Epoch": 10, "Train Loss": 0.24724093764974941, "Train Accuracy": 0.9071447966034756, "Val Loss": 0.3485677957302824, "Val Accuracy": 0.8774379432624114, "_runtime": 52, "_timestamp": 1615560414, "_step": 9}