{"Epoch": 5, "Train Loss": 0.30884648490642624, "Train Accuracy": 0.8855154028436019, "Val Loss": 0.3489457735642155, "Val Accuracy": 0.8705119680851063, "_runtime": 19, "_timestamp": 1615554561, "_step": 4}