{"Epoch": 5, "Train Loss": 0.37188690617135206, "Train Accuracy": 0.8650585011848341, "Val Loss": 0.39900324914699925, "Val Accuracy": 0.8607047872340425, "_runtime": 12, "_timestamp": 1615554488, "_step": 4}