{"Epoch": 9, "Train Loss": 0.3207477863189143, "Train Accuracy": 0.8828310130331753, "Val Loss": 0.3520163246191357, "Val Accuracy": 0.871841755319149, "_runtime": 13, "_timestamp": 1615477905, "_step": 8}