{"epoch": 5, "train_loss": 0.378040072852771, "train_acc": 0.8613188684834123, "val_loss": 0.43480573338131023, "val_acc": 0.8369348404255319, "_runtime": 10, "_timestamp": 1615400403, "_step": 4}