{"Epoch": 5, "Train Loss": 0.3475959613037022, "Train Accuracy": 0.8727784360189573, "Val Loss": 0.37359067302316895, "Val Accuracy": 0.862533244680851, "_runtime": 12, "_timestamp": 1615554469, "_step": 4}