{"Epoch": 5, "Train Loss": 0.3425284878765686, "Train Accuracy": 0.8728895142180095, "Val Loss": 0.39418727070515996, "Val Accuracy": 0.8550531914893617, "_runtime": 12, "_timestamp": 1615554602, "_step": 4}