{"Epoch": 5, "Train Loss": 0.3782766968025186, "Train Accuracy": 0.8614299466824644, "Val Loss": 0.3812946169794038, "Val Accuracy": 0.8655252659574468, "_runtime": 15, "_timestamp": 1615478918, "_step": 4}