{"Epoch": 10, "Train Loss": 0.303764477997629, "Train Accuracy": 0.8951298380726699, "Val Loss": 0.3596428473958907, "Val Accuracy": 0.8747783687943262, "_runtime": 55, "_timestamp": 1615562246, "_step": 9}