{"Epoch": 10, "Train Loss": 0.4421707225113282, "Train Accuracy": 0.8433703703703703, "Val Loss": 0.4456510138607848, "Val Accuracy": 0.8425, "_runtime": 134, "_timestamp": 1615559360, "_step": 9}