{"epoch": 5, "train_loss": 0.369488991909046, "train_acc": 0.8653917357819905, "val_loss": 0.42135653499918935, "val_acc": 0.8467420212765957, "_runtime": 11, "_timestamp": 1615400654, "_step": 4}