{"Epoch": 5, "Train Loss": 0.2927485735373834, "Train Accuracy": 0.8905324348341233, "Val Loss": 0.33946774008915903, "Val Accuracy": 0.8766622340425532, "_runtime": 37, "_timestamp": 1615555065, "_step": 4}