{"Epoch": 5, "Train Loss": 0.30093260944505873, "Train Accuracy": 0.8880331753554502, "Val Loss": 0.34407830621154933, "Val Accuracy": 0.8853058510638298, "_runtime": 38, "_timestamp": 1615555311, "_step": 4}