{"Epoch": 10, "Train Loss": 0.3138355928770071, "Train Accuracy": 0.8845156990521327, "Val Loss": 0.36240090859527435, "Val Accuracy": 0.8690159574468085, "_runtime": 17, "_timestamp": 1615476697, "_step": 9}