{"Epoch": 5, "Train Loss": 0.38134819243942336, "Train Accuracy": 0.8604672689573459, "Val Loss": 0.3966849911164123, "Val Accuracy": 0.8587101063829787, "_runtime": 10, "_timestamp": 1615554142, "_step": 4}