{"Epoch": 5, "Train Loss": 0.3684022297147914, "Train Accuracy": 0.8667987263033176, "Val Loss": 0.3780376193168616, "Val Accuracy": 0.8633643617021277, "_runtime": 11, "_timestamp": 1615478197, "_step": 4}