{"Epoch": 5, "Train Loss": 0.35187222980852917, "Train Accuracy": 0.8740928613744076, "Val Loss": 0.349211897251279, "Val Accuracy": 0.8773271276595744, "_runtime": 38, "_timestamp": 1615556822, "_step": 4}