{"Epoch": 10, "Train Loss": 0.26012610626775634, "Train Accuracy": 0.9037407407407407, "Val Loss": 0.3425318428772267, "Val Accuracy": 0.8815, "_runtime": 170, "_timestamp": 1615559535, "_step": 9}