{"Epoch": 5, "Train Loss": 0.3803781712423978, "Train Accuracy": 0.8599859300947867, "Val Loss": 0.4042713185308223, "Val Accuracy": 0.856216755319149, "_runtime": 10, "_timestamp": 1615479026, "_step": 4}