{"Epoch": 5, "Train Loss": 0.37589739867252625, "Train Accuracy": 0.8623555983412322, "Val Loss": 0.3928573331650458, "Val Accuracy": 0.8568816489361702, "_runtime": 10, "_timestamp": 1615554253, "_step": 4}