{"Epoch": 5, "Train Loss": 0.37085078006707434, "Train Accuracy": 0.8649103969194313, "Val Loss": 0.39707847819286485, "Val Accuracy": 0.854720744680851, "_runtime": 14, "_timestamp": 1615477979, "_step": 4}