{"Epoch": 10, "Train Loss": 0.2759078632461739, "Train Accuracy": 0.8999074074074074, "Val Loss": 0.33450354810717065, "Val Accuracy": 0.8841666666666667, "_runtime": 128, "_timestamp": 1615560766, "_step": 9}