{"Epoch": 5, "Train Loss": 0.36428158985059533, "Train Accuracy": 0.8682797689573459, "Val Loss": 0.3824198414286437, "Val Accuracy": 0.8608710106382979, "_runtime": 15, "_timestamp": 1615554642, "_step": 4}