{"Epoch": 5, "Train Loss": 0.3098525506006336, "Train Accuracy": 0.8858486374407583, "Val Loss": 0.357025730765085, "Val Accuracy": 0.8693484042553191, "_runtime": 26, "_timestamp": 1615554726, "_step": 4}