{"Epoch": 10, "Train Loss": 0.3798692550733942, "Train Accuracy": 0.8614669727488151, "Val Loss": 0.43407568748942865, "Val Accuracy": 0.8392619680851063, "_runtime": 77, "_timestamp": 1615560305, "_step": 9}