{"Epoch": 5, "Train Loss": 0.32407273212472276, "Train Accuracy": 0.8803872926540285, "Val Loss": 0.35521598042054586, "Val Accuracy": 0.871841755319149, "_runtime": 22, "_timestamp": 1615554862, "_step": 4}