{"Epoch": 10, "Train Loss": 0.24720313486758572, "Train Accuracy": 0.9064721563981043, "Val Loss": 0.34089142452118126, "Val Accuracy": 0.8826462765957447, "_runtime": 86, "_timestamp": 1615559894, "_step": 9}