{"Epoch": 10, "Train Loss": 0.3215068697753882, "Train Accuracy": 0.882553317535545, "Val Loss": 0.3496990031239862, "Val Accuracy": 0.8753324468085106, "_runtime": 18, "_timestamp": 1615477929, "_step": 9}