{"Epoch": 5, "Train Loss": 0.31177317748148636, "Train Accuracy": 0.8833678909952607, "Val Loss": 0.4060433034346247, "Val Accuracy": 0.8512300531914894, "_runtime": 21, "_timestamp": 1615554695, "_step": 4}