{"Epoch": 10, "Train Loss": 0.24285905762021684, "Train Accuracy": 0.9091688882306477, "Val Loss": 0.3491550415491939, "Val Accuracy": 0.8793218085106383, "_runtime": 57, "_timestamp": 1615564015, "_step": 9}