{"Epoch": 5, "Train Loss": 0.33783470890209355, "Train Accuracy": 0.8760922689573459, "Val Loss": 0.3824853018583283, "Val Accuracy": 0.8631981382978723, "_runtime": 24, "_timestamp": 1615554977, "_step": 4}