{"Epoch": 10, "Train Loss": 0.3544190644943872, "Train Accuracy": 0.8708777646129542, "Val Loss": 0.36440520569576107, "Val Accuracy": 0.8674645390070922, "_runtime": 60, "_timestamp": 1615564146, "_step": 9}