{"Epoch": 10, "Train Loss": 0.3070725450440715, "Train Accuracy": 0.890425925925926, "Val Loss": 0.35934831217815405, "Val Accuracy": 0.8698333333333333, "_runtime": 139, "_timestamp": 1615561330, "_step": 9}