{"Epoch": 5, "Train Loss": NaN, "Train Accuracy": 0.10004443127962086, "Val Loss": NaN, "Val Accuracy": 0.09956781914893617, "_runtime": 40, "_timestamp": 1615555021, "_step": 4}