{"Epoch": 10, "Train Loss": 0.3190583102132002, "Train Accuracy": 0.8827384478672986, "Val Loss": 0.36451484005815643, "Val Accuracy": 0.8691821808510638, "_runtime": 15, "_timestamp": 1615478940, "_step": 9}