{"Epoch": 5, "Train Loss": 1.0942440303876646, "Train Accuracy": 0.18101426737756712, "Val Loss": 1.2089723157921046, "Val Accuracy": 0.19326241134751773, "_runtime": 86, "_timestamp": 1615565593, "_step": 4}