{"Epoch": 10, "Train Loss": 2.31164359270072, "Train Accuracy": 0.09937037037037037, "Val Loss": 2.3064299802253934, "Val Accuracy": 0.1055, "_runtime": 143, "_timestamp": 1615561055, "_step": 9}