{"Epoch": 5, "Train Loss": 0.3039280744421177, "Train Accuracy": 0.8873975612164297, "Val Loss": 0.3331171430815682, "Val Accuracy": 0.8828679078014184, "_runtime": 26, "_timestamp": 1615565502, "_step": 4}