{"Epoch": 10, "Train Loss": 0.3236820882140368, "Train Accuracy": 0.8812759182464455, "Val Loss": 0.4351155237383987, "Val Accuracy": 0.8380984042553191, "_runtime": 16, "_timestamp": 1615479065, "_step": 9}