{"Epoch": 5, "Train Loss": NaN, "Train Accuracy": 0.0993594490521327, "Val Loss": NaN, "Val Accuracy": 0.10605053191489362, "_runtime": 28, "_timestamp": 1615554835, "_step": 4}