{"Epoch": 5, "Train Loss": 0.3760417036195711, "Train Accuracy": 0.8623185722748815, "Val Loss": 0.38726496666134796, "Val Accuracy": 0.8585438829787234, "_runtime": 12, "_timestamp": 1615478878, "_step": 4}