{"Epoch": 5, "Train Loss": 0.3676891067748398, "Train Accuracy": 0.8651140402843602, "Val Loss": 0.38167619287446786, "Val Accuracy": 0.8600398936170213, "_runtime": 9, "_timestamp": 1615477869, "_step": 4}