{"Epoch": 10, "Train Loss": 0.2874689945184407, "Train Accuracy": 0.8969873124012637, "Val Loss": 0.3663657389450513, "Val Accuracy": 0.8769946808510638, "_runtime": 49, "_timestamp": 1615562186, "_step": 9}