{"Epoch": 5, "Train Loss": 1.5354283028441997, "Train Accuracy": 0.18637070497630331, "Val Loss": 1.5711935632310894, "Val Accuracy": 0.19137854609929078, "_runtime": 89, "_timestamp": 1615565780, "_step": 4}