{"Epoch": 10, "Train Loss": 0.24925726296356585, "Train Accuracy": 0.9071015995260664, "Val Loss": 0.36515867432665, "Val Accuracy": 0.8725066489361702, "_runtime": 74, "_timestamp": 1615560223, "_step": 9}