{"epoch": 5, "train_loss": 0.3752019374166468, "train_acc": 0.8637625888625592, "val_loss": 0.4204326267698146, "val_acc": 0.8487367021276596, "_runtime": 12, "_timestamp": 1615400436, "_step": 4}