{"Epoch": 5, "Train Loss": 0.3523526424454067, "Train Accuracy": 0.8732597748815166, "Val Loss": 0.39515484113162624, "Val Accuracy": 0.8568816489361702, "_runtime": 31, "_timestamp": 1615555455, "_step": 4}