{"Epoch": 10, "Train Loss": 0.24467549403344724, "Train Accuracy": 0.9067621939178515, "Val Loss": 0.33357072831556006, "Val Accuracy": 0.8851950354609929, "_runtime": 45, "_timestamp": 1615560357, "_step": 9}