{"Epoch": 5, "Train Loss": 1.1002082714044212, "Train Accuracy": 0.19715146129541866, "Val Loss": 0.9674879107974452, "Val Accuracy": 0.20622783687943264, "_runtime": 87, "_timestamp": 1615565235, "_step": 4}