{"Epoch": 5, "Train Loss": 0.3818693129116529, "Train Accuracy": 0.8612818424170616, "Val Loss": 0.3903764173999299, "Val Accuracy": 0.8577127659574468, "_runtime": 12, "_timestamp": 1615554177, "_step": 4}