{"Epoch": 10, "Train Loss": 0.2396388497099186, "Train Accuracy": 0.9088541666666666, "Val Loss": 0.3608695148412885, "Val Accuracy": 0.8729499113475178, "_runtime": 57, "_timestamp": 1615563825, "_step": 9}