{"Epoch": 8, "Train Loss": 0.3257003064583741, "Train Accuracy": 0.8799059537914692, "Val Loss": 0.3405387007282642, "Val Accuracy": 0.8746675531914894, "_runtime": 14, "_timestamp": 1615478103, "_step": 7}