{"Epoch": 10, "Train Loss": NaN, "Train Accuracy": 0.8746482523696683, "Val Loss": NaN, "Val Accuracy": 0.8730053191489362, "_runtime": 141, "_timestamp": 1615557441, "_step": 9}