{"Epoch": 10, "Train Loss": 0.3960976853386206, "Train Accuracy": 0.8597267476303317, "Val Loss": 0.3910789506548662, "Val Accuracy": 0.8645279255319149, "_runtime": 90, "_timestamp": 1615563488, "_step": 9}