{"Epoch": 5, "Train Loss": 0.3739898226622228, "Train Accuracy": 0.8663729265402843, "Val Loss": 0.3760817741383983, "Val Accuracy": 0.870844414893617, "_runtime": 13, "_timestamp": 1615554622, "_step": 4}