{"epoch": 10, "train_loss": 0.32058053923317886, "train_acc": 0.8817202310426541, "val_loss": 0.37032094627387463, "val_acc": 0.8688497340425532, "_runtime": 17, "_timestamp": 1615400738, "_step": 9}