{"Epoch": 10, "Train Loss": 0.23899419836806654, "Train Accuracy": 0.9100451718009479, "Val Loss": 0.30404512892205066, "Val Accuracy": 0.8935062056737588, "_runtime": 51, "_timestamp": 1615560527, "_step": 9}