{"Epoch": 10, "Train Loss": 0.3226824741758987, "Train Accuracy": 0.8808130924170616, "Val Loss": 0.3603735505034493, "Val Accuracy": 0.874501329787234, "_runtime": 13, "_timestamp": 1615478958, "_step": 9}