{"Epoch": 10, "Train Loss": 0.350548455808897, "Train Accuracy": 0.8726920418641391, "Val Loss": 0.39519239689077074, "Val Accuracy": 0.8612588652482269, "_runtime": 59, "_timestamp": 1615563953, "_step": 9}