{"Epoch": 10, "Train Loss": 2.306248679252263, "Train Accuracy": 0.10030978475513427, "Val Loss": 2.305893853974135, "Val Accuracy": 0.09740691489361702, "_runtime": 53, "_timestamp": 1615562132, "_step": 9}