{"Epoch": 5, "Train Loss": 0.33315020764102643, "Train Accuracy": 0.876980894549763, "Val Loss": 0.3390651502903599, "Val Accuracy": 0.8756648936170213, "_runtime": 20, "_timestamp": 1615554918, "_step": 4}