{"epoch": 10, "train_loss": 0.31824557420038885, "train_acc": 0.8828125, "val_loss": 0.3809995626741202, "val_acc": 0.8683510638297872, "_runtime": 18, "_timestamp": 1615400694, "_step": 9}