{"Epoch": 9, "Train Loss": 0.3224246889661336, "Train Accuracy": 0.8811648400473934, "Val Loss": 0.34630102726130263, "Val Accuracy": 0.878656914893617, "_runtime": 19, "_timestamp": 1615477956, "_step": 8}