{"Epoch": 7, "Train Loss": 0.33854346472227875, "Train Accuracy": 0.8759441646919431, "Val Loss": 0.3753835445235209, "Val Accuracy": 0.8602061170212766, "_runtime": 12, "_timestamp": 1615477995, "_step": 6}