{"Epoch": 5, "Train Loss": 0.29555964409490737, "Train Accuracy": 0.8903473045023697, "Val Loss": 0.34311305219816707, "Val Accuracy": 0.8731715425531915, "_runtime": 38, "_timestamp": 1615556865, "_step": 4}