{"Epoch": 5, "Train Loss": 0.34246113588825966, "Train Accuracy": 0.8745556872037915, "Val Loss": 0.3910756838749991, "Val Accuracy": 0.8575465425531915, "_runtime": 15, "_timestamp": 1615554239, "_step": 4}