{"Epoch": 5, "Train Loss": 0.37720090440606485, "Train Accuracy": 0.8636885367298578, "Val Loss": 0.4038808090927866, "Val Accuracy": 0.863031914893617, "_runtime": 16, "_timestamp": 1615554803, "_step": 4}