{"Epoch": 5, "Train Loss": 0.42096969518215194, "Train Accuracy": 0.8501740225118484, "Val Loss": 0.3988161200957028, "Val Accuracy": 0.8631981382978723, "_runtime": 10, "_timestamp": 1615554268, "_step": 4}