{"Epoch": 5, "Train Loss": 0.2961033391357965, "Train Accuracy": 0.8904398696682464, "Val Loss": 0.3762676656648698, "Val Accuracy": 0.871343085106383, "_runtime": 48, "_timestamp": 1615555364, "_step": 4}