{"Epoch": 10, "Train Loss": 0.443797842249058, "Train Accuracy": 0.8418518518518519, "Val Loss": 0.4336235557829597, "Val Accuracy": 0.8415, "_runtime": 132, "_timestamp": 1615559803, "_step": 9}