{"Epoch": 5, "Train Loss": 0.31808337360018274, "Train Accuracy": 0.8820349526066351, "Val Loss": 0.35241201160903673, "Val Accuracy": 0.8743351063829787, "_runtime": 27, "_timestamp": 1615554894, "_step": 4}