{"Epoch": 5, "Train Loss": 0.37242449123780347, "Train Accuracy": 0.8642994668246445, "Val Loss": 0.37060719604844217, "Val Accuracy": 0.8636968085106383, "_runtime": 10, "_timestamp": 1615478047, "_step": 4}