{"Epoch": 10, "Train Loss": 0.32114941211023995, "Train Accuracy": 0.8828125, "Val Loss": 0.3819717279749217, "Val Accuracy": 0.8648603723404256, "_runtime": 16, "_timestamp": 1615479087, "_step": 9}