{"Epoch": 10, "Train Loss": 0.2726985623651955, "Train Accuracy": 0.8980555555555556, "Val Loss": 0.3227144865461971, "Val Accuracy": 0.8891666666666667, "_runtime": 140, "_timestamp": 1615559217, "_step": 9}