{"Epoch": 5, "Train Loss": 0.38022535376007266, "Train Accuracy": 0.8600414691943128, "Val Loss": 0.3850029768027849, "Val Accuracy": 0.8602061170212766, "_runtime": 8, "_timestamp": 1615479008, "_step": 4}