{"Epoch": 10, "Train Loss": 0.2465132079305896, "Train Accuracy": 0.9069905213270142, "Val Loss": 0.32960882258924484, "Val Accuracy": 0.8904587765957447, "_runtime": 97, "_timestamp": 1615557293, "_step": 9}