{"Epoch": 10, "Train Loss": 0.30391706208199115, "Train Accuracy": 0.8919764514218009, "Val Loss": 0.37714811775464796, "Val Accuracy": 0.8663563829787234, "_runtime": 77, "_timestamp": 1615561875, "_step": 9}