{"Epoch": 10, "Train Loss": 0.27668959090980183, "Train Accuracy": 0.8971230746445498, "Val Loss": 0.35754799631003503, "Val Accuracy": 0.8730053191489362, "_runtime": 94, "_timestamp": 1615563392, "_step": 9}