{"Epoch": 10, "Train Loss": 0.27087425404873844, "Train Accuracy": 0.8997334123222749, "Val Loss": 0.33368144596341, "Val Accuracy": 0.8818151595744681, "_runtime": 86, "_timestamp": 1615563292, "_step": 9}