{"Epoch": 10, "Train Loss": 0.26750205563267154, "Train Accuracy": 0.9007407407407407, "Val Loss": 0.36474763395896526, "Val Accuracy": 0.8778333333333334, "_runtime": 127, "_timestamp": 1615559666, "_step": 9}