{"Epoch": 5, "Train Loss": 0.3160617588365132, "Train Accuracy": 0.8833493779620853, "Val Loss": 0.35755408962115504, "Val Accuracy": 0.8738364361702128, "_runtime": 47, "_timestamp": 1615555562, "_step": 4}