{"Epoch": 5, "Train Loss": NaN, "Train Accuracy": 0.09921134478672985, "Val Loss": NaN, "Val Accuracy": 0.10738031914893617, "_runtime": 44, "_timestamp": 1615555268, "_step": 4}