{"epoch": 5, "train_loss": 0.36558759797655294, "train_acc": 0.8664654917061612, "val_loss": 0.37119638946509015, "val_acc": 0.8655252659574468, "_runtime": 11, "_timestamp": 1615404781, "_step": 4}