{"Epoch": 5, "Train Loss": 0.34158635622855804, "Train Accuracy": 0.8757405213270142, "Val Loss": 0.39559810545627355, "Val Accuracy": 0.8671875, "_runtime": 23, "_timestamp": 1615554945, "_step": 4}