{"Epoch": 10, "Train Loss": 0.24603450539736663, "Train Accuracy": 0.9074965442338073, "Val Loss": 0.34635934731752827, "Val Accuracy": 0.8769946808510638, "_runtime": 60, "_timestamp": 1615564081, "_step": 9}