{"Epoch": 10, "Train Loss": 2.308284925675915, "Train Accuracy": 0.0989891883886256, "Val Loss": 2.3072999092789015, "Val Accuracy": 0.09607712765957446, "_runtime": 78, "_timestamp": 1615561960, "_step": 9}