{"Epoch": 5, "Train Loss": 0.4050956706907038, "Train Accuracy": 0.8556538803317536, "Val Loss": 0.41658379267300377, "Val Accuracy": 0.8553856382978723, "_runtime": 11, "_timestamp": 1615554283, "_step": 4}