{"Epoch": 5, "Train Loss": 0.5129468514812536, "Train Accuracy": 0.823959567535545, "Val Loss": 0.5317443031188612, "Val Accuracy": 0.8272938829787234, "_runtime": 50, "_timestamp": 1615557028, "_step": 4}