{"Epoch": 9, "Train Loss": 0.32859095983814773, "Train Accuracy": 0.879109893364929, "Val Loss": 0.38156130640542407, "Val Accuracy": 0.8656914893617021, "_runtime": 13, "_timestamp": 1615477856, "_step": 8}