{"Epoch": 10, "Train Loss": 0.2842984038050817, "Train Accuracy": 0.8996408471563981, "Val Loss": 0.3571569880850957, "Val Accuracy": 0.8771609042553191, "_runtime": 73, "_timestamp": 1615561548, "_step": 9}