{"Epoch": 10, "Train Loss": 0.3080510637210396, "Train Accuracy": 0.8895142180094787, "Val Loss": 0.3644035980824039, "Val Accuracy": 0.8771609042553191, "_runtime": 78, "_timestamp": 1615561633, "_step": 9}