{"Epoch": 5, "Train Loss": 0.30543575613517115, "Train Accuracy": 0.8862744372037915, "Val Loss": 0.3392254558900045, "Val Accuracy": 0.8806515957446809, "_runtime": 21, "_timestamp": 1615554586, "_step": 4}