{"Epoch": 5, "Train Loss": 0.3355845467385147, "Train Accuracy": 0.8774252073459715, "Val Loss": 0.3655693207149026, "Val Accuracy": 0.8641954787234043, "_runtime": 16, "_timestamp": 1615554342, "_step": 4}