{"Epoch": 9, "Train Loss": 0.3238432546325918, "Train Accuracy": 0.879480154028436, "Val Loss": 0.41312769881851125, "Val Accuracy": 0.8578789893617021, "_runtime": 13, "_timestamp": 1615477887, "_step": 8}