{"Epoch": 5, "Train Loss": NaN, "Train Accuracy": 0.0993594490521327, "Val Loss": NaN, "Val Accuracy": 0.10571808510638298, "_runtime": 15, "_timestamp": 1615554303, "_step": 4}