{"epoch": 5, "train_loss": 0.3834242456048647, "train_acc": 0.8597822867298578, "val_loss": 0.44339680587103913, "val_acc": 0.8372672872340425, "_runtime": 11, "_timestamp": 1615400672, "_step": 4}