{"Epoch": 5, "Train Loss": 0.30082608346224576, "Train Accuracy": 0.8886687894944708, "Val Loss": 0.3159666327138869, "Val Accuracy": 0.8913453014184397, "_runtime": 25, "_timestamp": 1615565467, "_step": 4}