{"Epoch": 5, "Train Loss": 0.29238217632978547, "Train Accuracy": 0.8916987559241706, "Val Loss": 0.3475942249431381, "Val Accuracy": 0.8801529255319149, "_runtime": 51, "_timestamp": 1615555121, "_step": 4}