{"epoch": 10, "train_loss": 0.3147307782621224, "train_acc": 0.8848859597156398, "val_loss": 0.3678997430684224, "val_acc": 0.8705119680851063, "_runtime": 16, "_timestamp": 1615404857, "_step": 9}