{"Epoch": 5, "Train Loss": 0.3070201188310758, "Train Accuracy": 0.8868298281990521, "Val Loss": 0.4058199313823361, "Val Accuracy": 0.8643617021276596, "_runtime": 46, "_timestamp": 1615556915, "_step": 4}