{"Epoch": 10, "Train Loss": 0.2627406802193626, "Train Accuracy": 0.90234375, "Val Loss": 0.3879569273435277, "Val Accuracy": 0.8651928191489362, "_runtime": 83, "_timestamp": 1615563578, "_step": 9}