{"Epoch": 10, "Train Loss": 0.25449927799082805, "Train Accuracy": 0.9067313388625592, "Val Loss": 0.3634168881980092, "Val Accuracy": 0.8849734042553191, "_runtime": 76, "_timestamp": 1615559975, "_step": 9}