{"Epoch": 10, "Train Loss": 0.24394122361217013, "Train Accuracy": 0.9095206358609794, "Val Loss": 0.3525382864299852, "Val Accuracy": 0.8747229609929078, "_runtime": 59, "_timestamp": 1615563889, "_step": 9}