{"Epoch": 5, "Train Loss": 1.1317112294858356, "Train Accuracy": 0.1987991212480253, "Val Loss": 1.2838424081935575, "Val Accuracy": 0.19054742907801417, "_runtime": 78, "_timestamp": 1615565401, "_step": 4}