{"Epoch": 5, "Train Loss": NaN, "Train Accuracy": 0.1006923874407583, "Val Loss": NaN, "Val Accuracy": 0.09375, "_runtime": 16, "_timestamp": 1615554410, "_step": 4}