{"Epoch": 10, "Train Loss": 0.3153476766736613, "Train Accuracy": 0.8841269253554502, "Val Loss": 0.37135788427768424, "Val Accuracy": 0.8603723404255319, "_runtime": 14, "_timestamp": 1615478139, "_step": 9}