{"Epoch": 5, "Train Loss": 0.34717479720224403, "Train Accuracy": 0.8729265402843602, "Val Loss": 0.3850140375626846, "Val Accuracy": 0.8628656914893617, "_runtime": 13, "_timestamp": 1615554321, "_step": 4}