{"Epoch": 5, "Train Loss": 0.3432485338665931, "Train Accuracy": 0.8743335308056872, "Val Loss": 0.37921682790891165, "Val Accuracy": 0.866688829787234, "_runtime": 18, "_timestamp": 1615554452, "_step": 4}