{"Epoch": 5, "Train Loss": NaN, "Train Accuracy": 0.10041469194312796, "Val Loss": NaN, "Val Accuracy": 0.0962433510638298, "_runtime": 21, "_timestamp": 1615554535, "_step": 4}