{"Epoch": 10, "Train Loss": NaN, "Train Accuracy": 0.10032212677725119, "Val Loss": NaN, "Val Accuracy": 0.09674202127659574, "_runtime": 154, "_timestamp": 1615557600, "_step": 9}