{"Epoch": 10, "Train Loss": 0.47171273635687827, "Train Accuracy": 0.8363888888888888, "Val Loss": 0.5299380761680975, "Val Accuracy": 0.8103333333333333, "_runtime": 146, "_timestamp": 1615562748, "_step": 9}