{"Epoch": 10, "Train Loss": 0.32395523308350777, "Train Accuracy": 0.8820164395734598, "Val Loss": 0.33493298921276804, "Val Accuracy": 0.8807070035460992, "_runtime": 52, "_timestamp": 1615560471, "_step": 9}