{"Epoch": 5, "Train Loss": 0.39405384233888097, "Train Accuracy": 0.8577828791469194, "Val Loss": 0.44156680868546605, "Val Accuracy": 0.847905585106383, "_runtime": 12, "_timestamp": 1615554161, "_step": 4}