{"epoch": 5, "train_loss": 0.3768462886085284, "train_acc": 0.8632627369668247, "val_loss": 0.3809247319359427, "val_acc": 0.8578789893617021, "_runtime": 11, "_timestamp": 1615400638, "_step": 4}