{"Epoch": 10, "Train Loss": 0.4635864041711137, "Train Accuracy": 0.8386666666666667, "Val Loss": 0.5301820821472297, "Val Accuracy": 0.8163333333333334, "_runtime": 152, "_timestamp": 1615563200, "_step": 9}