{"Epoch": 10, "Train Loss": 0.2500705606470307, "Train Accuracy": 0.9070090343601895, "Val Loss": 0.35633655520016017, "Val Accuracy": 0.8736702127659575, "_runtime": 82, "_timestamp": 1615560142, "_step": 9}