{"Epoch": 10, "Train Loss": 0.31268439508215623, "Train Accuracy": 0.8839417950236966, "Val Loss": 0.3508194428538749, "Val Accuracy": 0.8700132978723404, "_runtime": 15, "_timestamp": 1615478085, "_step": 9}