{"Epoch": 10, "Train Loss": 0.2788578052237452, "Train Accuracy": 0.8985485781990521, "Val Loss": 0.3252220481573785, "Val Accuracy": 0.8789893617021277, "_runtime": 76, "_timestamp": 1615557109, "_step": 9}