{"Epoch": 10, "Train Loss": 0.3191535019510464, "Train Accuracy": 0.8831111111111111, "Val Loss": 0.36647518911616667, "Val Accuracy": 0.8696666666666667, "_runtime": 147, "_timestamp": 1615562595, "_step": 9}