{"Epoch": 10, "Train Loss": 0.3076799659231793, "Train Accuracy": 0.8909520635860979, "Val Loss": 0.34916299620288443, "Val Accuracy": 0.8749445921985816, "_runtime": 55, "_timestamp": 1615562074, "_step": 9}