{"Epoch": 7, "Train Loss": 0.35210402960469744, "Train Accuracy": 0.8699274289099526, "Val Loss": 0.3806342004665833, "Val Accuracy": 0.8638630319148937, "_runtime": 13, "_timestamp": 1615478065, "_step": 6}