{"Epoch": 5, "Train Loss": NaN, "Train Accuracy": 0.1005627962085308, "Val Loss": NaN, "Val Accuracy": 0.09491356382978723, "_runtime": 50, "_timestamp": 1615555510, "_step": 4}