{"Epoch": 10, "Train Loss": 0.23458045321123705, "Train Accuracy": 0.9123593009478673, "Val Loss": 0.33642507829048646, "Val Accuracy": 0.8876329787234043, "_runtime": 76, "_timestamp": 1615557189, "_step": 9}