{"epoch": 10, "train_loss": 0.32479766138488775, "train_acc": 0.8794986670616114, "val_loss": 0.38144449587812085, "val_acc": 0.8628656914893617, "_runtime": 15, "_timestamp": 1615404876, "_step": 9}