{"epoch": 10, "train_loss": 0.3233081123375198, "train_acc": 0.8807205272511849, "val_loss": 0.3605937018492525, "val_acc": 0.8751662234042553, "_runtime": 16, "_timestamp": 1615400477, "_step": 9}