{"Epoch": 10, "Train Loss": 0.2601812903291246, "Train Accuracy": 0.9038888888888889, "Val Loss": 0.3638370755734487, "Val Accuracy": 0.871, "_runtime": 213, "_timestamp": 1615559070, "_step": 9}