{"epoch": 10, "train_loss": 0.31891511198952605, "train_acc": 0.8820904917061612, "val_loss": 0.37433947240542764, "val_acc": 0.8651928191489362, "_runtime": 14, "_timestamp": 1615400455, "_step": 9}