{"Epoch": 5, "Train Loss": 0.43022041620089035, "Train Accuracy": 0.8473785545023697, "Val Loss": 0.436229896120695, "Val Accuracy": 0.8357712765957447, "_runtime": 10, "_timestamp": 1615554373, "_step": 4}