{"Epoch": 5, "Train Loss": 0.3307772929770098, "Train Accuracy": 0.8775177725118484, "Val Loss": 0.3576356787243782, "Val Accuracy": 0.8711768617021277, "_runtime": 23, "_timestamp": 1615555391, "_step": 4}