{"Epoch": 10, "Train Loss": 0.32037430439462505, "Train Accuracy": 0.8815721267772512, "Val Loss": 0.3732913090531958, "Val Accuracy": 0.866688829787234, "_runtime": 20, "_timestamp": 1615476755, "_step": 9}