{"Epoch": 5, "Train Loss": 0.36885022302689086, "Train Accuracy": 0.865780509478673, "Val Loss": 0.3939426722503568, "Val Accuracy": 0.8592087765957447, "_runtime": 9, "_timestamp": 1615478995, "_step": 4}