{"epoch": 5, "train_loss": 0.3745082110508462, "train_acc": 0.8627999111374408, "val_loss": 0.3720938455358212, "val_acc": 0.8583776595744681, "_runtime": 11, "_timestamp": 1615400419, "_step": 4}