{"Epoch": 5, "Train Loss": 0.33266438467812554, "Train Accuracy": 0.8764255035545023, "Val Loss": 0.32727975594077335, "Val Accuracy": 0.8799867021276596, "_runtime": 22, "_timestamp": 1615555152, "_step": 4}