{"Epoch": 5, "Train Loss": 0.3882987039672734, "Train Accuracy": 0.8606894253554502, "Val Loss": 0.414383421019352, "Val Accuracy": 0.8485704787234043, "_runtime": 14, "_timestamp": 1615554763, "_step": 4}