{"Epoch": 5, "Train Loss": 0.3089355287857023, "Train Accuracy": 0.8866446978672986, "Val Loss": 0.334125942239912, "Val Accuracy": 0.8793218085106383, "_runtime": 58, "_timestamp": 1615555624, "_step": 4}