{"epoch": 5, "train_loss": 0.38137361737114495, "train_acc": 0.8603747037914692, "val_loss": 0.37822758525124395, "val_acc": 0.8582114361702128, "_runtime": 11, "_timestamp": 1615404816, "_step": 4}