{"Epoch": 10, "Train Loss": 0.30730632609565167, "Train Accuracy": 0.8895512440758294, "Val Loss": 0.36099662972368374, "Val Accuracy": 0.8764960106382979, "_runtime": 50, "_timestamp": 1615562015, "_step": 9}