{"Epoch": 5, "Train Loss": 0.3745663195059755, "Train Accuracy": 0.8641698755924171, "Val Loss": 0.39825241244706855, "Val Accuracy": 0.8570478723404256, "_runtime": 11, "_timestamp": 1615554358, "_step": 4}