{"Epoch": 10, "Train Loss": 0.31689554717797663, "Train Accuracy": 0.8834049170616114, "Val Loss": 0.3674342012039982, "Val Accuracy": 0.8691821808510638, "_runtime": 18, "_timestamp": 1615476720, "_step": 9}