{"Epoch": 10, "Train Loss": 2.306132227191517, "Train Accuracy": 0.10027275868878356, "Val Loss": 2.3070679084921832, "Val Accuracy": 0.09973404255319149, "_runtime": 49, "_timestamp": 1615562302, "_step": 9}