{"Epoch": 10, "Train Loss": 0.3168352685052444, "Train Accuracy": 0.881979413507109, "Val Loss": 0.3761501602854064, "Val Accuracy": 0.8663563829787234, "_runtime": 14, "_timestamp": 1615478032, "_step": 9}