{"Epoch": 6, "Train Loss": 0.3660867225793618, "Train Accuracy": 0.8654843009478673, "Val Loss": 0.38143833184999854, "Val Accuracy": 0.8573803191489362, "_runtime": 14, "_timestamp": 1615478014, "_step": 5}