{"Epoch": 10, "Train Loss": 2.311466352630802, "Train Accuracy": 0.09916666666666667, "Val Loss": 2.308539607447859, "Val Accuracy": 0.10416666666666667, "_runtime": 136, "_timestamp": 1615561470, "_step": 9}