{"epoch": 10, "train_loss": 0.3080490923459937, "train_acc": 0.8848489336492891, "val_loss": 0.3965715687635366, "val_acc": 0.863530585106383, "_runtime": 16, "_timestamp": 1615404837, "_step": 9}