{"epoch": 10, "train_loss": 0.3170334044017419, "train_acc": 0.8838677428909952, "val_loss": 0.40200257504539366, "val_acc": 0.8548869680851063, "_runtime": 17, "_timestamp": 1615400499, "_step": 9}