{"Epoch": 10, "Train Loss": 0.27805800752900117, "Train Accuracy": 0.900425925925926, "Val Loss": 0.3432040323853893, "Val Accuracy": 0.8775, "_runtime": 126, "_timestamp": 1615561186, "_step": 9}