{"Epoch": 5, "Train Loss": 0.2935589334744778, "Train Accuracy": 0.8905262638230648, "Val Loss": 0.34230229321321587, "Val Accuracy": 0.8735039893617021, "_runtime": 22, "_timestamp": 1615565437, "_step": 4}