{"Epoch": 5, "Train Loss": 0.39309062180274607, "Train Accuracy": 0.860781990521327, "Val Loss": 0.4184477112863812, "Val Accuracy": 0.8563829787234043, "_runtime": 51, "_timestamp": 1615556971, "_step": 4}