{"Epoch": 10, "Train Loss": 0.24420459492961347, "Train Accuracy": 0.9084221958925751, "Val Loss": 0.32934069159474594, "Val Accuracy": 0.8829233156028369, "_runtime": 47, "_timestamp": 1615560579, "_step": 9}