{"Epoch": 10, "Train Loss": 0.28139032894845306, "Train Accuracy": 0.8986596563981043, "Val Loss": 0.3471974624685672, "Val Accuracy": 0.8783244680851063, "_runtime": 71, "_timestamp": 1615561793, "_step": 9}