{"Epoch": 5, "Train Loss": 0.3608404869440426, "Train Accuracy": 0.8671504739336493, "Val Loss": 0.4277647832081502, "Val Accuracy": 0.8502327127659575, "_runtime": 12, "_timestamp": 1615554744, "_step": 4}