{"Epoch": 5, "Train Loss": 1.1605749873911744, "Train Accuracy": 0.19861399091627174, "Val Loss": 1.059419319237488, "Val Accuracy": 0.19824911347517732, "_runtime": 78, "_timestamp": 1615565318, "_step": 4}