{"Epoch": 5, "Train Loss": 0.34569289356804234, "Train Accuracy": 0.8738707049763034, "Val Loss": 0.4175421494826443, "Val Accuracy": 0.8530585106382979, "_runtime": 14, "_timestamp": 1615554429, "_step": 4}