{"Epoch": 5, "Train Loss": 0.3707297847833817, "Train Accuracy": 0.8677984300947867, "Val Loss": 0.38779526619895577, "Val Accuracy": 0.8622007978723404, "_runtime": 24, "_timestamp": 1615555419, "_step": 4}