{"Epoch": 7, "Train Loss": 0.3411950284876085, "Train Accuracy": 0.874740817535545, "Val Loss": 0.3642144335128828, "Val Accuracy": 0.8648603723404256, "_runtime": 13, "_timestamp": 1615478215, "_step": 6}