{"Epoch": 10, "Train Loss": 0.3784894237497965, "Train Accuracy": 0.8637440758293838, "Val Loss": 0.4455334221320691, "Val Accuracy": 0.840591755319149, "_runtime": 75, "_timestamp": 1615560056, "_step": 9}