{"Epoch": 5, "Train Loss": 0.31813337232472794, "Train Accuracy": 0.8824792654028436, "Val Loss": 0.3091491298344632, "Val Accuracy": 0.886469414893617, "_runtime": 18, "_timestamp": 1615565122, "_step": 4}