{"Epoch": 5, "Train Loss": NaN, "Train Accuracy": 0.10015550947867298, "Val Loss": NaN, "Val Accuracy": 0.09823803191489362, "_runtime": 22, "_timestamp": 1615554669, "_step": 4}