{"epoch": 10, "train_loss": 0.3258626452380913, "train_acc": 0.8809056575829384, "val_loss": 0.3782971001215546, "val_acc": 0.8603723404255319, "_runtime": 17, "_timestamp": 1615400716, "_step": 9}