{"Epoch": 10, "Train Loss": 0.3999250208576046, "Train Accuracy": 0.8592639218009479, "Val Loss": 0.39351526728801983, "Val Accuracy": 0.8580452127659575, "_runtime": 88, "_timestamp": 1615563763, "_step": 9}