{"Epoch": 5, "Train Loss": 0.36859887813212866, "Train Accuracy": 0.865465787914692, "Val Loss": 0.379399703421739, "Val Accuracy": 0.8623670212765957, "_runtime": 11, "_timestamp": 1615478896, "_step": 4}