{"Epoch": 10, "Train Loss": 0.3152320069480247, "Train Accuracy": 0.8866851851851851, "Val Loss": 0.40984226814514446, "Val Accuracy": 0.8601666666666666, "_runtime": 138, "_timestamp": 1615560908, "_step": 9}