{"Epoch": 6, "Train Loss": 0.3579495667450575, "Train Accuracy": 0.8683167950236966, "Val Loss": 0.3429593192300471, "Val Accuracy": 0.8838098404255319, "_runtime": 12, "_timestamp": 1615478120, "_step": 5}